max_depth,min_samples_split,min_samples_leaf,accuracy,precision,recall,f1,roc_auc,training_time,experiment
,2,1,0.7256574271499645,0.48429319371727747,0.4946524064171123,0.4894179894179894,0.6522122885940436,0.12898826599121094,max_depth
3.0,2,1,0.7782515991471215,0.655,0.3502673796791444,0.4564459930313589,0.8069831910586993,0.0736839771270752,max_depth
5.0,2,1,0.7896233120113717,0.6020942408376964,0.6149732620320856,0.6084656084656085,0.8296250472379394,0.09326934814453125,max_depth
7.0,2,1,0.7775408670931059,0.5915915915915916,0.5267379679144385,0.5572842998585573,0.816156410641349,0.09742188453674316,max_depth
10.0,2,1,0.7569296375266524,0.5479041916167665,0.4893048128342246,0.5169491525423728,0.7596688943992629,0.12122154235839844,max_depth
15.0,2,1,0.728500355366027,0.4895287958115183,0.5,0.4947089947089947,0.679012377634324,0.134537935256958,max_depth
20.0,2,1,0.7256574271499645,0.484375,0.49732620320855614,0.49076517150395776,0.6524167706332731,0.11227917671203613,max_depth
,,,,,,,,,
,2,1,0.7256574271499645,0.48429319371727747,0.4946524064171123,0.4894179894179894,0.6522122885940436,0.12782835960388184,min_samples_split
,5,1,0.7377398720682303,0.5070028011204482,0.4839572192513369,0.4952120383036936,0.6799998446971854,0.11203384399414062,min_samples_split
,10,1,0.7448471926083866,0.5223880597014925,0.4679144385026738,0.4936530324400564,0.7023763919014758,0.1291048526763916,min_samples_split
,20,1,0.7583511016346838,0.547752808988764,0.5213903743315508,0.5342465753424658,0.7545736678901077,0.1162261962890625,min_samples_split
,50,1,0.7746979388770433,0.5871559633027523,0.5133689839572193,0.5477888730385164,0.7952034725709346,0.0999908447265625,min_samples_split
,,,,,,,,,
,2,1,0.7256574271499645,0.48429319371727747,0.4946524064171123,0.4894179894179894,0.6522122885940436,0.12022542953491211,min_samples_leaf
,2,2,0.7420042643923241,0.5176848874598071,0.4304812834224599,0.47007299270072994,0.6761159801419467,0.11345267295837402,min_samples_leaf
,2,5,0.7547974413646056,0.5425219941348973,0.4946524064171123,0.5174825174825175,0.749871875177951,0.10248136520385742,min_samples_leaf
,2,10,0.7739872068230277,0.5958904109589042,0.46524064171123,0.5225225225225225,0.7797819030806903,0.10388565063476562,min_samples_leaf
,2,20,0.7789623312011372,0.6026058631921825,0.4946524064171123,0.5433186490455213,0.8055945250581091,0.09212875366210938,min_samples_leaf
,2,50,0.7967306325515281,0.6527777777777778,0.5026737967914439,0.56797583081571,0.8282493231385664,0.08662939071655273,min_samples_leaf
,,,,,,,,,
3.0,2,1,0.7782515991471215,0.655,0.3502673796791444,0.4564459930313589,0.8069831910586993,0.0669858455657959,combined
3.0,2,5,0.7782515991471215,0.655,0.3502673796791444,0.4564459930313589,0.8069831910586993,0.07090163230895996,combined
3.0,2,10,0.7782515991471215,0.655,0.3502673796791444,0.4564459930313589,0.8069831910586993,0.06916117668151855,combined
3.0,10,1,0.7782515991471215,0.655,0.3502673796791444,0.4564459930313589,0.8069831910586993,0.06699109077453613,combined
3.0,10,5,0.7782515991471215,0.655,0.3502673796791444,0.4564459930313589,0.8069831910586993,0.06625628471374512,combined
3.0,10,10,0.7782515991471215,0.655,0.3502673796791444,0.4564459930313589,0.8069831910586993,0.06615471839904785,combined
3.0,20,1,0.7782515991471215,0.655,0.3502673796791444,0.4564459930313589,0.8069831910586993,0.06668591499328613,combined
3.0,20,5,0.7782515991471215,0.655,0.3502673796791444,0.4564459930313589,0.8069831910586993,0.06682348251342773,combined
3.0,20,10,0.7782515991471215,0.655,0.3502673796791444,0.4564459930313589,0.8069831910586993,0.07052326202392578,combined
5.0,2,1,0.7896233120113717,0.6020942408376964,0.6149732620320856,0.6084656084656085,0.8296250472379394,0.07750225067138672,combined
5.0,2,5,0.7896233120113717,0.6020942408376964,0.6149732620320856,0.6084656084656085,0.828879593727837,0.07787823677062988,combined
5.0,2,10,0.7903340440653873,0.6036745406824147,0.6149732620320856,0.609271523178808,0.8283269745458688,0.07828688621520996,combined
5.0,10,1,0.7896233120113717,0.6020942408376964,0.6149732620320856,0.6084656084656085,0.8298605898400898,0.07847809791564941,combined
5.0,10,5,0.7896233120113717,0.6020942408376964,0.6149732620320856,0.6084656084656085,0.828879593727837,0.0841670036315918,combined
5.0,10,10,0.7903340440653873,0.6036745406824147,0.6149732620320856,0.609271523178808,0.8283269745458688,0.07653689384460449,combined
5.0,20,1,0.7896233120113717,0.6020942408376964,0.6149732620320856,0.6084656084656085,0.8298605898400898,0.08277583122253418,combined
5.0,20,5,0.7896233120113717,0.6020942408376964,0.6149732620320856,0.6084656084656085,0.828879593727837,0.07659673690795898,combined
5.0,20,10,0.7903340440653873,0.6036745406824147,0.6149732620320856,0.609271523178808,0.8283269745458688,0.07858395576477051,combined
7.0,2,1,0.7775408670931059,0.5915915915915916,0.5267379679144385,0.5572842998585573,0.816156410641349,0.09192657470703125,combined
7.0,2,5,0.7761194029850746,0.5855072463768116,0.5401069518716578,0.5618915159944368,0.8096311040477091,0.08810877799987793,combined
7.0,2,10,0.7789623312011372,0.5902578796561605,0.5508021390374331,0.5698478561549101,0.8104477380145053,0.09032201766967773,combined
7.0,10,1,0.7775408670931059,0.5921450151057401,0.5240641711229946,0.5560283687943263,0.8158509817726264,0.09074640274047852,combined
7.0,10,5,0.7761194029850746,0.5855072463768116,0.5401069518716578,0.5618915159944368,0.8096311040477091,0.08821392059326172,combined
7.0,10,10,0.7789623312011372,0.5902578796561605,0.5508021390374331,0.5698478561549101,0.8104477380145053,0.08677887916564941,combined
7.0,20,1,0.7782515991471215,0.593939393939394,0.5240641711229946,0.5568181818181818,0.816472193031045,0.08723282814025879,combined
7.0,20,5,0.7768301350390903,0.5872093023255814,0.5401069518716578,0.5626740947075209,0.8099908889015431,0.0889434814453125,combined
7.0,20,10,0.7789623312011372,0.5902578796561605,0.5508021390374331,0.5698478561549101,0.8104477380145053,0.08942794799804688,combined
10.0,2,1,0.7569296375266524,0.5479041916167665,0.4893048128342246,0.5169491525423728,0.7596688943992629,0.10162830352783203,combined
10.0,2,5,0.759772565742715,0.5538922155688623,0.4946524064171123,0.5225988700564972,0.7717954558396447,0.10179471969604492,combined
10.0,2,10,0.7718550106609808,0.5898305084745763,0.46524064171123,0.5201793721973094,0.7890314798805204,0.09603071212768555,combined
10.0,10,1,0.7547974413646056,0.5435435435435435,0.4839572192513369,0.512022630834512,0.7646735275998986,0.09966707229614258,combined
10.0,10,5,0.759772565742715,0.5538922155688623,0.4946524064171123,0.5225988700564972,0.7717954558396447,0.1003720760345459,combined
10.0,10,10,0.7718550106609808,0.5898305084745763,0.46524064171123,0.5201793721973094,0.7890314798805204,0.09736108779907227,combined
10.0,20,1,0.7640369580668088,0.5664556962025317,0.4786096256684492,0.518840579710145,0.780340993213267,0.09849262237548828,combined
10.0,20,5,0.7718550106609808,0.5857605177993528,0.4839572192513369,0.5300146412884333,0.7882316703853063,0.09797191619873047,combined
10.0,20,10,0.7718550106609808,0.5898305084745763,0.46524064171123,0.5201793721973094,0.7890314798805204,0.09705138206481934,combined
